Xếp hạng,Cụm từ hot,Số lần xuất hiện
1,bao phê,52
2,phê 255,27
3,bao phê 255,24
4,cừu xám,16
5,nỉ cừu,15
6,nỉ cừu xám,15
7,255 xl,12
8,phê 255 xl,12
9,bao phê 255 xl,12
10,phê xl,12
11,bao phê xl,12
12,255 l,11
13,phê 255 l,11
14,xám m,9
15,cừu xám m,9
16,nỉ cừu xám m,9
17,bao phê 255 l,8
18,cv nâu,8
19,nâu l,8
20,phê tất,7
21,tất 210,7
22,phê tất 210,7
23,cv nâu l,7
24,chân váy,7
25,cổ 150,6
26,150 đen,6
27,đen xám,6
28,cổ 150 đen,6
29,150 đen xám,6
30,cổ 150 đen xám,6
31,áo lông,6
32,phê 2xl,5
33,bao phê 2xl,5
34,thượng hải,4
35,còn ko,4
36,bảo phê,4
37,ghi lê,4
38,cv đi,4
39,có màu,3
40,màu đen,3
41,có màu đen,3
42,lông phía,3
43,phía sau,3
44,chị ơi,3
45,áo lông phía,3
46,lông phía sau,3
47,áo lông phía sau,3
48,phê 255l,3
49,lê miu,3
50,miu miu,3
51,miu xanh,3
52,ghi lê miu,3
53,lê miu miu,3
54,miu miu xanh,3
55,ghi lê miu miu,3
56,lê miu miu xanh,3
57,mã gì,3
58,gì ạ,3
59,mã gì ạ,3
60,xl 255,3
61,sz l,3
62,áo gile,3
63,xám l,3
64,cừu xám l,3
65,nỉ cừu xám l,3
66,xám xl,3
67,cừu xám xl,3
68,quần thượng,2
69,quần thượng hải,2
70,thui chết,2
71,chết chiều,2
72,chiều e,2
73,ko để,2
74,để ý,2
75,tăng sz,2
76,thui chết chiều,2
77,chết chiều e,2
78,ko để ý,2
79,thui chết chiều e,2
80,sau còn,2
81,ko chị,2
82,ơi em,2
83,em vào,2
84,vào muộn,2
85,muộn ạ,2
86,phía sau còn,2
87,sau còn ko,2
88,còn ko chị,2
89,ko chị ơi,2
90,chị ơi em,2
91,ơi em vào,2
92,em vào muộn,2
93,vào muộn ạ,2
94,lông phía sau còn,2
95,phía sau còn ko,2
96,sau còn ko chị,2
97,còn ko chị ơi,2
98,ko chị ơi em,2
99,chị ơi em vào,2
100,ơi em vào muộn,2
101,em vào muộn ạ,2
102,hải xl,2
103,phê có,2
104,đen ko,2
105,ko em,2
106,bao phê có,2
107,phê có màu,2
108,màu đen ko,2
109,đen ko em,2
110,bao phê có màu,2
111,phê có màu đen,2
112,có màu đen ko,2
113,màu đen ko em,2
114,mà ko,2
115,sz s,2
116,bảo phê 255,2
117,bảo phê 255 l,2
118,hỗ trợ,2
119,trợ mình,2
120,mình mã,2
121,mã phê,2
122,hỗ trợ mình,2
123,trợ mình mã,2
124,mình mã phê,2
125,mã phê tất,2
126,hỗ trợ mình mã,2
127,trợ mình mã phê,2
128,mình mã phê tất,2
129,mã phê tất 210,2
130,sau mã,2
131,bao phê 255l,2
132,phê xl 255,2
133,bao phê xl 255,2
134,về hai,2
135,hai lần,2
136,về hai lần,2
137,255 size,2
138,size l,2
139,phê 255 size,2
140,bao phê 255 size,2
141,xanh m,2
142,miu xanh m,2
143,miu miu xanh m,2
144,có lót,2
145,c ơi,2
146,gile cong,2
147,cong không,2
148,không lyn,2
149,áo gile cong,2
150,gile cong không,2
151,cong không lyn,2
152,áo gile cong không,2
153,gile cong không lyn,2
154,lên chân,2
155,đi ạ,2
156,mã chân,2
157,váy đi,2
158,mã chân váy,2
159,chân váy đi,2
160,mã chân váy đi,2
161,đi c,2
162,cv đi c,2
163,nỉ cừu xám xl,2
164,hải m,1
165,m nhắc,1
166,thượng hải m,1
167,hải m nhắc,1
168,quần thượng hải m,1
169,thượng hải m nhắc,1
170,đen k,1
171,màu đen k,1
172,đen k ạ,1
173,có màu đen k,1
174,màu đen k ạ,1
175,e ko,1
176,ý bao,1
177,phê e,1
178,e lại,1
179,lại ko,1
180,ko tăng,1
181,sz rồi,1
182,chiều e ko,1
183,e ko để,1
184,để ý bao,1
185,ý bao phê,1
186,bao phê e,1
187,phê e lại,1
188,e lại ko,1
189,lại ko tăng,1
190,ko tăng sz,1
191,tăng sz rồi,1
192,chết chiều e ko,1
193,chiều e ko để,1
194,e ko để ý,1
195,ko để ý bao,1
196,để ý bao phê,1
197,ý bao phê e,1
198,bao phê e lại,1
199,phê e lại ko,1
200,e lại ko tăng,1
201,lại ko tăng sz,1
202,ko tăng sz rồi,1
203,quần thuong,1
204,thuong hải,1
205,quần thuong hải,1
206,thuong hải xl,1
207,quần thuong hải xl,1
208,phê trắng,1
209,trắng 255,1
210,255 m,1
211,bao phê trắng,1
212,phê trắng 255,1
213,trắng 255 m,1
214,bao phê trắng 255,1
215,phê trắng 255 m,1
216,255 bao,1
217,phê 255 bao,1
218,255 bao phê,1
219,bao phê 255 bao,1
220,phê 255 bao phê,1
221,lyn cao,1
222,cao bao,1
223,bao nhieu,1
224,lyn cao bao,1
225,cao bao nhieu,1
226,lyn cao bao nhieu,1
227,e đặt,1
228,đặt bảo,1
229,phê mà,1
230,ý tăng,1
231,chiều e đặt,1
232,e đặt bảo,1
233,đặt bảo phê,1
234,bảo phê mà,1
235,phê mà ko,1
236,mà ko để,1
237,để ý tăng,1
238,ý tăng sz,1
239,chết chiều e đặt,1
240,chiều e đặt bảo,1
241,e đặt bảo phê,1
242,đặt bảo phê mà,1
243,bảo phê mà ko,1
244,phê mà ko để,1
245,mà ko để ý,1
246,ko để ý tăng,1
247,để ý tăng sz,1
248,new comment,1
249,thượng hải xl,1
250,quần thượng hải xl,1
251,bảo phê 255l,1
252,ew347344404vn kt,1
253,kt giúp,1
254,giúp chị,1
255,chị đơn,1
256,đơn hàng,1
257,hàng này,1
258,này chị,1
259,chị chưa,1
260,chưa nhận,1
261,nhận được,1
262,ew347344404vn kt giúp,1
263,kt giúp chị,1
264,giúp chị đơn,1
265,chị đơn hàng,1
266,đơn hàng này,1
267,hàng này chị,1
268,này chị chưa,1
269,chị chưa nhận,1
270,chưa nhận được,1
271,ew347344404vn kt giúp chị,1
272,kt giúp chị đơn,1
273,giúp chị đơn hàng,1
274,chị đơn hàng này,1
275,đơn hàng này chị,1
276,hàng này chị chưa,1
277,này chị chưa nhận,1
278,chị chưa nhận được,1
279,pháo phê,1
280,pháo phê 255,1
281,pháo phê 255 l,1
282,xanh sz,1
283,s trắng,1
284,miu xanh sz,1
285,xanh sz s,1
286,sz s trắng,1
287,miu miu xanh sz,1
288,miu xanh sz s,1
289,xanh sz s trắng,1
290,mã bn,1
291,bn vậy,1
292,vậy lyn,1
293,phía sau mã,1
294,sau mã bn,1
295,mã bn vậy,1
296,bn vậy lyn,1
297,lông phía sau mã,1
298,phía sau mã bn,1
299,sau mã bn vậy,1
300,mã bn vậy lyn,1
301,xl 0983968920,1
302,áo đang,1
303,đang mặc,1
304,mặc mã,1
305,áo đang mặc,1
306,đang mặc mã,1
307,mặc mã gì,1
308,áo đang mặc mã,1
309,đang mặc mã gì,1
310,mặc mã gì ạ,1
311,phê 255xl,1
312,bao phê 255xl,1
313,phê l,1
314,bao phê l,1
315,lông sau,1
316,áo lông sau,1
317,lông sau mã,1
318,sau mã gì,1
319,áo lông sau mã,1
320,lông sau mã gì,1
321,sau mã gì ạ,1
322,phê sz,1
323,bao phê sz,1
324,phê sz l,1
325,bao phê sz l,1
326,l hết,1
327,hết ạ,1
328,sz l hết,1
329,l hết ạ,1
330,sz l hết ạ,1
331,em oi,1
332,oi chi,1
333,chi goi,1
334,goi điện,1
335,điện thoai,1
336,thoai mà,1
337,ko ai,1
338,ai nghe,1
339,nghe máy,1
340,máy a,1
341,a nhờ,1
342,nhờ em,1
343,em xem,1
344,xem lại,1
345,lại hộ,1
346,hộ chi,1
347,chi tin,1
348,tin nhắn,1
349,nhắn về,1
350,lần chi,1
351,chi sợ,1
352,sợ gửi,1
353,gửi hàng,1
354,hàng về,1
355,lần trùng,1
356,trùng đơn,1
357,đơn em,1
358,em a,1
359,em oi chi,1
360,oi chi goi,1
361,chi goi điện,1
362,goi điện thoai,1
363,điện thoai mà,1
364,thoai mà ko,1
365,mà ko ai,1
366,ko ai nghe,1
367,ai nghe máy,1
368,nghe máy a,1
369,máy a nhờ,1
370,a nhờ em,1
371,nhờ em xem,1
372,em xem lại,1
373,xem lại hộ,1
374,lại hộ chi,1
375,hộ chi tin,1
376,chi tin nhắn,1
377,tin nhắn về,1
378,nhắn về hai,1
379,hai lần chi,1
380,lần chi sợ,1
381,chi sợ gửi,1
382,sợ gửi hàng,1
383,gửi hàng về,1
384,hàng về hai,1
385,hai lần trùng,1
386,lần trùng đơn,1
387,trùng đơn em,1
388,đơn em a,1
389,em oi chi goi,1
390,oi chi goi điện,1
391,chi goi điện thoai,1
392,goi điện thoai mà,1
393,điện thoai mà ko,1
394,thoai mà ko ai,1
395,mà ko ai nghe,1
396,ko ai nghe máy,1
397,ai nghe máy a,1
398,nghe máy a nhờ,1
399,máy a nhờ em,1
400,a nhờ em xem,1
401,nhờ em xem lại,1
402,em xem lại hộ,1
403,xem lại hộ chi,1
404,lại hộ chi tin,1
405,hộ chi tin nhắn,1
406,chi tin nhắn về,1
407,tin nhắn về hai,1
408,nhắn về hai lần,1
409,về hai lần chi,1
410,hai lần chi sợ,1
411,lần chi sợ gửi,1
412,chi sợ gửi hàng,1
413,sợ gửi hàng về,1
414,gửi hàng về hai,1
415,hàng về hai lần,1
416,về hai lần trùng,1
417,hai lần trùng đơn,1
418,lần trùng đơn em,1
419,trùng đơn em a,1
420,255 size l,1
421,phê 255 size l,1
422,áo dây,1
423,dây lyn,1
424,lyn mặc,1
425,mặc có,1
426,có k,1
427,áo dây lyn,1
428,dây lyn mặc,1
429,lyn mặc có,1
430,mặc có k,1
431,áo dây lyn mặc,1
432,dây lyn mặc có,1
433,lyn mặc có k,1
434,bao nhiêu,1
435,nhiêu hôm,1
436,hôm mới,1
437,mới chốt,1
438,chốt đc,1
439,đc hàng,1
440,hàng nhà,1
441,nhà chị,1
442,chị lyn,1
443,bao nhiêu hôm,1
444,nhiêu hôm mới,1
445,hôm mới chốt,1
446,mới chốt đc,1
447,chốt đc hàng,1
448,đc hàng nhà,1
449,hàng nhà chị,1
450,nhà chị lyn,1
451,bao nhiêu hôm mới,1
452,nhiêu hôm mới chốt,1
453,hôm mới chốt đc,1
454,mới chốt đc hàng,1
455,chốt đc hàng nhà,1
456,đc hàng nhà chị,1
457,hàng nhà chị lyn,1
458,255 xxl,1
459,phê 255 xxl,1
460,bao phê 255 xxl,1
461,2xl 0983968920,1
462,phê 2xl 0983968920,1
463,bao phê 2xl 0983968920,1
464,baophe xl,1
465,baophe xl 255,1
466,mê đồ,1
467,đồ clyn,1
468,clyn mâuc,1
469,mâuc nào,1
470,nào cũng,1
471,cũng hợp,1
472,hợp gu,1
473,mê đồ clyn,1
474,đồ clyn mâuc,1
475,clyn mâuc nào,1
476,mâuc nào cũng,1
477,nào cũng hợp,1
478,cũng hợp gu,1
479,mê đồ clyn mâuc,1
480,đồ clyn mâuc nào,1
481,clyn mâuc nào cũng,1
482,mâuc nào cũng hợp,1
483,nào cũng hợp gu,1
484,phê trong,1
485,trong có,1
486,lót gì,1
487,gì k,1
488,bao phê trong,1
489,phê trong có,1
490,trong có lót,1
491,có lót gì,1
492,lót gì k,1
493,gì k ạ,1
494,bao phê trong có,1
495,phê trong có lót,1
496,trong có lót gì,1
497,có lót gì k,1
498,lót gì k ạ,1
499,cv l,1
500,l nâu,1
501,cv l nâu,1
502,đẹp quá,1
503,chan vay,1
504,vay l,1
505,chan vay l,1
506,áo ghi,1
507,lê trên,1
508,trên tường,1
509,tường mã,1
510,áo ghi lê,1
511,ghi lê trên,1
512,lê trên tường,1
513,trên tường mã,1
514,tường mã gì,1
515,áo ghi lê trên,1
516,ghi lê trên tường,1
517,lê trên tường mã,1
518,trên tường mã gì,1
519,tường mã gì ạ,1
520,ơi cv,1
521,cv có,1
522,lót quần,1
523,quần ko,1
524,ko c,1
525,c ơi cv,1
526,ơi cv có,1
527,cv có lót,1
528,có lót quần,1
529,lót quần ko,1
530,quần ko c,1
531,c ơi cv có,1
532,ơi cv có lót,1
533,cv có lót quần,1
534,có lót quần ko,1
535,lót quần ko c,1
536,cv nặng,1
537,nặng ko,1
538,ko e,1
539,cv nặng ko,1
540,nặng ko e,1
541,cv nặng ko e,1
542,áo trắng,1
543,trắng sau,1
544,sau giá,1
545,giá bn,1
546,bn ạ,1
547,áo trắng sau,1
548,trắng sau giá,1
549,sau giá bn,1
550,giá bn ạ,1
551,áo trắng sau giá,1
552,trắng sau giá bn,1
553,sau giá bn ạ,1
554,lông còn,1
555,ko shop,1
556,áo lông còn,1
557,lông còn ko,1
558,còn ko shop,1
559,áo lông còn ko,1
560,lông còn ko shop,1
561,váy mông,1
562,mông 105,1
563,105 size,1
564,l có,1
565,có ok,1
566,ok kg,1
567,kg lyn,1
568,váy mông 105,1
569,mông 105 size,1
570,105 size l,1
571,size l có,1
572,l có ok,1
573,có ok kg,1
574,ok kg lyn,1
575,váy mông 105 size,1
576,mông 105 size l,1
577,105 size l có,1
578,size l có ok,1
579,l có ok kg,1
580,có ok kg lyn,1
581,2xl 255,1
582,phê 2xl 255,1
583,bao phê 2xl 255,1
584,size 2xl,1
585,255 size 2xl,1
586,phê 255 size 2xl,1
587,cv 3,1
588,3 màu,1
589,màu l,1
590,cv 3 màu,1
591,3 màu l,1
592,cv 3 màu l,1
593,nâu xl,1
594,cv nâu xl,1
595,chuyển mã,1
596,mã đi,1
597,đi em,1
598,chuyển mã đi,1
599,mã đi em,1
600,chuyển mã đi em,1
601,có có,1
602,e cần,1
603,cần chân,1
604,e cần chân,1
605,cần chân váy,1
606,e cần chân váy,1
607,có cv,1
608,váy em,1
609,em cần,1
610,cần size,1
611,size s,1
612,chân váy em,1
613,váy em cần,1
614,em cần size,1
615,cần size s,1
616,chân váy em cần,1
617,váy em cần size,1
618,em cần size s,1
619,có c,1
620,có c ạ,1
621,váy luôn,1
622,luôn em,1
623,lên chân váy,1
624,chân váy luôn,1
625,váy luôn em,1
626,lên chân váy luôn,1
627,chân váy luôn em,1
628,chân vay,1
629,vay luôn,1
630,luôn đi,1
631,lên chân vay,1
632,chân vay luôn,1
633,vay luôn đi,1
634,luôn đi ạ,1
635,lên chân vay luôn,1
636,chân vay luôn đi,1
637,vay luôn đi ạ,1
638,gile còn,1
639,còn nhiều,1
640,nhiều lắm,1
641,lắm c,1
642,c oi,1
643,áo gile còn,1
644,gile còn nhiều,1
645,còn nhiều lắm,1
646,nhiều lắm c,1
647,lắm c oi,1
648,áo gile còn nhiều,1
649,gile còn nhiều lắm,1
650,còn nhiều lắm c,1
651,nhiều lắm c oi,1
652,lên mã,1
653,lên mã chân,1
654,váy đi ạ,1
655,lên mã chân váy,1
656,chân váy đi ạ,1
657,cv chị,1
658,cv chị ơi,1
659,váy nâu,1
660,chân váy nâu,1
661,váy nâu l,1
662,chân váy nâu l,1
663,đi lyn,1
664,váy đi lyn,1
665,chân váy đi lyn,1
666,cần cv,1
667,cv ghi,1
668,ghi sz,1
669,cv ghi sz,1
670,ghi sz s,1
671,cv ghi sz s,1
672,lên cv,1
673,ơi e,1
674,e đợi,1
675,đợi mãi,1
676,lên cv đi,1
677,đi c ơi,1
678,c ơi e,1
679,ơi e đợi,1
680,e đợi mãi,1
681,lên cv đi c,1
682,cv đi c ơi,1
683,đi c ơi e,1
684,c ơi e đợi,1
685,ơi e đợi mãi,1
686,cho c,1
687,c chân,1
688,váy m,1
689,cho c chân,1
690,c chân váy,1
691,chân váy m,1
692,cho c chân váy,1
693,c chân váy m,1
694,đi chị,1
695,cv đi chị,1
696,c ủng,1
697,ủng hộ,1
698,hộ c,1
699,ý đi,1
700,c ủng hộ,1
701,ủng hộ c,1
702,hộ c ý,1
703,c ý đi,1
704,c ủng hộ c,1
705,ủng hộ c ý,1
706,hộ c ý đi,1
707,mã thượng,1
708,hải còn,1
709,ko lyn,1
710,mã thượng hải,1
711,thượng hải còn,1
712,hải còn ko,1
713,còn ko lyn,1
714,mã thượng hải còn,1
715,thượng hải còn ko,1
716,hải còn ko lyn,1
717,hải l,1
718,thượng hải l,1
719,lông lên,1
720,lên chưa,1
721,chưa lyn,1
722,áo lông lên,1
723,lông lên chưa,1
724,lên chưa lyn,1
725,áo lông lên chưa,1
726,lông lên chưa lyn,1
727,ni cừu,1
728,ni cừu xám,1
729,ni cừu xám xl,1
730,xám s,1
731,cừu xám s,1
732,nỉ cừu xám s,1
733,c lên,1
734,lên màu,1
735,màu cv,1
736,c lên màu,1
737,lên màu cv,1
738,màu cv đi,1
739,c lên màu cv,1
740,lên màu cv đi,1
741,màu cv đi c,1